<?xml version="1.0" encoding="UTF-8" standalone="yes"?>
<ns2:ExportManifest xmlns:ns2="http://www.pentaho.com/schema/">
    <ExportManifestInformation exportDate="20-06-2018 01:45:25 MSK" exportBy="golovachev" rootFolder="/home/golovachev/presale dashboards/Orders analysis/" manifestVersion="2"/>
    <ExportManifestEntity path="For buyer">
        <ExportManifestProperty>
            <EntityMetaData name="For buyer" createdDate="2018-04-02T08:31:22.063+03:00" isFolder="true" path="For buyer" isHidden="false" isSchedulable="true" locale="en_US" title="For buyer"/>
        </ExportManifestProperty>
        <ExportManifestProperty>
            <EntityAcl>
                <entriesInheriting>true</entriesInheriting>
                <owner>golovachev</owner>
                <ownerType>USER</ownerType>
            </EntityAcl>
        </ExportManifestProperty>
    </ExportManifestEntity>
    <ExportManifestEntity path="For buyer/order analysis detalisation.cda">
        <ExportManifestProperty>
            <EntityMetaData name="order analysis detalisation.cda" createdDate="2018-04-26T14:48:36.062+03:00" isFolder="false" path="For buyer/order analysis detalisation.cda" isHidden="false" isSchedulable="true" locale="en_US" title="order analysis detalisation.cda"/>
        </ExportManifestProperty>
        <ExportManifestProperty>
            <EntityAcl>
                <entriesInheriting>true</entriesInheriting>
                <owner>golovachev</owner>
                <ownerType>USER</ownerType>
            </EntityAcl>
        </ExportManifestProperty>
    </ExportManifestEntity>
    <ExportManifestEntity path="For buyer/order analysis detalisation.cdfde">
        <ExportManifestProperty>
            <EntityMetaData name="order analysis detalisation.cdfde" createdDate="2018-04-26T14:48:35.474+03:00" isFolder="false" path="For buyer/order analysis detalisation.cdfde" isHidden="false" isSchedulable="true" locale="en_US" title="order analysis detalisation.cdfde"/>
        </ExportManifestProperty>
        <ExportManifestProperty>
            <EntityAcl>
                <entriesInheriting>true</entriesInheriting>
                <owner>golovachev</owner>
                <ownerType>USER</ownerType>
            </EntityAcl>
        </ExportManifestProperty>
    </ExportManifestEntity>
    <ExportManifestEntity path="For buyer/order analysis detalisation.wcdf">
        <ExportManifestProperty>
            <EntityMetaData name="order analysis detalisation.wcdf" createdDate="2018-04-26T14:48:35.117+03:00" isFolder="false" path="For buyer/order analysis detalisation.wcdf" isHidden="false" isSchedulable="true" locale="en_US" description="Детализация заказов" title="order analysis detalisation"/>
        </ExportManifestProperty>
        <ExportManifestProperty>
            <EntityAcl>
                <entriesInheriting>true</entriesInheriting>
                <owner>golovachev</owner>
                <ownerType>USER</ownerType>
            </EntityAcl>
        </ExportManifestProperty>
    </ExportManifestEntity>
    <ExportManifestEntity path="For buyer/orders analysis.cda">
        <ExportManifestProperty>
            <EntityMetaData name="orders analysis.cda" createdDate="2018-04-02T08:31:31.579+03:00" isFolder="false" path="For buyer/orders analysis.cda" isHidden="false" isSchedulable="true" locale="en_US" title="orders analysis.cda"/>
        </ExportManifestProperty>
        <ExportManifestProperty>
            <EntityAcl>
                <entriesInheriting>true</entriesInheriting>
                <owner>golovachev</owner>
                <ownerType>USER</ownerType>
            </EntityAcl>
        </ExportManifestProperty>
    </ExportManifestEntity>
    <ExportManifestEntity path="For buyer/orders analysis.cdfde">
        <ExportManifestProperty>
            <EntityMetaData name="orders analysis.cdfde" createdDate="2018-04-02T08:31:31.815+03:00" isFolder="false" path="For buyer/orders analysis.cdfde" isHidden="false" isSchedulable="true" locale="en_US" title="orders analysis.cdfde"/>
        </ExportManifestProperty>
        <ExportManifestProperty>
            <EntityAcl>
                <entriesInheriting>true</entriesInheriting>
                <owner>golovachev</owner>
                <ownerType>USER</ownerType>
            </EntityAcl>
        </ExportManifestProperty>
    </ExportManifestEntity>
    <ExportManifestEntity path="For buyer/orders analysis.wcdf">
        <ExportManifestProperty>
            <EntityMetaData name="orders analysis.wcdf" createdDate="2018-04-02T08:31:31.412+03:00" isFolder="false" path="For buyer/orders analysis.wcdf" isHidden="false" isSchedulable="true" locale="en_US" title="orders analysis"/>
        </ExportManifestProperty>
        <ExportManifestProperty>
            <EntityAcl>
                <entriesInheriting>true</entriesInheriting>
                <owner>golovachev</owner>
                <ownerType>USER</ownerType>
            </EntityAcl>
        </ExportManifestProperty>
    </ExportManifestEntity>
</ns2:ExportManifest>
