<?xml version="1.0" encoding="UTF-8" standalone="yes"?>
<ns2:ExportManifest xmlns:ns2="http://www.pentaho.com/schema/">
    <ExportManifestInformation exportDate="15-06-2018 12:09:12 MSK" exportBy="golovachev" rootFolder="/home/golovachev/presale dashboards/Orders analysis/" manifestVersion="2"/>
    <ExportManifestEntity path="For supplier">
        <ExportManifestProperty>
            <EntityMetaData name="For supplier" createdDate="2018-04-02T08:31:43.042+03:00" isFolder="true" path="For supplier" isHidden="false" isSchedulable="true" locale="en_US" title="For supplier"/>
        </ExportManifestProperty>
        <ExportManifestProperty>
            <EntityAcl>
                <entriesInheriting>true</entriesInheriting>
                <owner>golovachev</owner>
                <ownerType>USER</ownerType>
            </EntityAcl>
        </ExportManifestProperty>
    </ExportManifestEntity>
    <ExportManifestEntity path="For supplier/order analysis detalisation.cda">
        <ExportManifestProperty>
            <EntityMetaData name="order analysis detalisation.cda" createdDate="2018-05-08T12:36:31.086+03:00" isFolder="false" path="For supplier/order analysis detalisation.cda" isHidden="false" isSchedulable="true" locale="en_US" title="order analysis detalisation.cda"/>
        </ExportManifestProperty>
        <ExportManifestProperty>
            <EntityAcl>
                <entriesInheriting>true</entriesInheriting>
                <owner>golovachev</owner>
                <ownerType>USER</ownerType>
            </EntityAcl>
        </ExportManifestProperty>
    </ExportManifestEntity>
    <ExportManifestEntity path="For supplier/order analysis detalisation.cdfde">
        <ExportManifestProperty>
            <EntityMetaData name="order analysis detalisation.cdfde" createdDate="2018-05-08T12:36:31.239+03:00" isFolder="false" path="For supplier/order analysis detalisation.cdfde" isHidden="false" isSchedulable="true" locale="en_US" title="order analysis detalisation.cdfde"/>
        </ExportManifestProperty>
        <ExportManifestProperty>
            <EntityAcl>
                <entriesInheriting>true</entriesInheriting>
                <owner>golovachev</owner>
                <ownerType>USER</ownerType>
            </EntityAcl>
        </ExportManifestProperty>
    </ExportManifestEntity>
    <ExportManifestEntity path="For supplier/order analysis detalisation.wcdf">
        <ExportManifestProperty>
            <EntityMetaData name="order analysis detalisation.wcdf" createdDate="2018-05-08T12:36:31.015+03:00" isFolder="false" path="For supplier/order analysis detalisation.wcdf" isHidden="false" isSchedulable="true" locale="en_US" title="order analysis detalisation"/>
        </ExportManifestProperty>
        <ExportManifestProperty>
            <EntityAcl>
                <entriesInheriting>true</entriesInheriting>
                <owner>golovachev</owner>
                <ownerType>USER</ownerType>
            </EntityAcl>
        </ExportManifestProperty>
    </ExportManifestEntity>
    <ExportManifestEntity path="For supplier/orders analysis.cda">
        <ExportManifestProperty>
            <EntityMetaData name="orders analysis.cda" createdDate="2018-05-08T12:36:31.842+03:00" isFolder="false" path="For supplier/orders analysis.cda" isHidden="false" isSchedulable="true" locale="en_US" title="orders analysis.cda"/>
        </ExportManifestProperty>
        <ExportManifestProperty>
            <EntityAcl>
                <entriesInheriting>true</entriesInheriting>
                <owner>golovachev</owner>
                <ownerType>USER</ownerType>
            </EntityAcl>
        </ExportManifestProperty>
    </ExportManifestEntity>
    <ExportManifestEntity path="For supplier/orders analysis.cdfde">
        <ExportManifestProperty>
            <EntityMetaData name="orders analysis.cdfde" createdDate="2018-05-08T12:36:31.994+03:00" isFolder="false" path="For supplier/orders analysis.cdfde" isHidden="false" isSchedulable="true" locale="en_US" title="orders analysis.cdfde"/>
        </ExportManifestProperty>
        <ExportManifestProperty>
            <EntityAcl>
                <entriesInheriting>true</entriesInheriting>
                <owner>golovachev</owner>
                <ownerType>USER</ownerType>
            </EntityAcl>
        </ExportManifestProperty>
    </ExportManifestEntity>
    <ExportManifestEntity path="For supplier/orders analysis.wcdf">
        <ExportManifestProperty>
            <EntityMetaData name="orders analysis.wcdf" createdDate="2018-05-08T12:36:31.377+03:00" isFolder="false" path="For supplier/orders analysis.wcdf" isHidden="false" isSchedulable="true" locale="en_US" title="orders analysis"/>
        </ExportManifestProperty>
        <ExportManifestProperty>
            <EntityAcl>
                <entriesInheriting>true</entriesInheriting>
                <owner>golovachev</owner>
                <ownerType>USER</ownerType>
            </EntityAcl>
        </ExportManifestProperty>
    </ExportManifestEntity>
    <ExportManifestEntity path="For supplier/orders analysis_tmp.cda">
        <ExportManifestProperty>
            <EntityMetaData name="orders analysis_tmp.cda" createdDate="2018-06-14T12:16:44.688+03:00" isFolder="false" path="For supplier/orders analysis_tmp.cda" isHidden="false" isSchedulable="true" locale="en_US" title="orders analysis_tmp.cda"/>
        </ExportManifestProperty>
        <ExportManifestProperty>
            <EntityAcl>
                <entriesInheriting>true</entriesInheriting>
                <owner>golovachev</owner>
                <ownerType>USER</ownerType>
            </EntityAcl>
        </ExportManifestProperty>
    </ExportManifestEntity>
    <ExportManifestEntity path="For supplier/orders analysis_tmp.cdfde">
        <ExportManifestProperty>
            <EntityMetaData name="orders analysis_tmp.cdfde" createdDate="2018-06-14T12:16:44.213+03:00" isFolder="false" path="For supplier/orders analysis_tmp.cdfde" isHidden="false" isSchedulable="true" locale="en_US" title="orders analysis_tmp.cdfde"/>
        </ExportManifestProperty>
        <ExportManifestProperty>
            <EntityAcl>
                <entriesInheriting>true</entriesInheriting>
                <owner>golovachev</owner>
                <ownerType>USER</ownerType>
            </EntityAcl>
        </ExportManifestProperty>
    </ExportManifestEntity>
    <ExportManifestEntity path="For supplier/orders analysis_tmp.wcdf">
        <ExportManifestProperty>
            <EntityMetaData name="orders analysis_tmp.wcdf" createdDate="2018-06-14T12:16:43.860+03:00" isFolder="false" path="For supplier/orders analysis_tmp.wcdf" isHidden="false" isSchedulable="true" locale="en_US" title="orders analysis_tmp.wcdf"/>
        </ExportManifestProperty>
        <ExportManifestProperty>
            <EntityAcl>
                <entriesInheriting>true</entriesInheriting>
                <owner>golovachev</owner>
                <ownerType>USER</ownerType>
            </EntityAcl>
        </ExportManifestProperty>
    </ExportManifestEntity>
    <ExportManifestEntity path="For supplier/orders map.cda">
        <ExportManifestProperty>
            <EntityMetaData name="orders map.cda" createdDate="2018-06-09T12:39:09.728+03:00" isFolder="false" path="For supplier/orders map.cda" isHidden="false" isSchedulable="true" locale="en_US" title="orders map.cda"/>
        </ExportManifestProperty>
        <ExportManifestProperty>
            <EntityAcl>
                <entriesInheriting>true</entriesInheriting>
                <owner>golovachev</owner>
                <ownerType>USER</ownerType>
            </EntityAcl>
        </ExportManifestProperty>
    </ExportManifestEntity>
    <ExportManifestEntity path="For supplier/orders map.cdfde">
        <ExportManifestProperty>
            <EntityMetaData name="orders map.cdfde" createdDate="2018-06-09T12:39:09.323+03:00" isFolder="false" path="For supplier/orders map.cdfde" isHidden="false" isSchedulable="true" locale="en_US" title="orders map.cdfde"/>
        </ExportManifestProperty>
        <ExportManifestProperty>
            <EntityAcl>
                <entriesInheriting>true</entriesInheriting>
                <owner>golovachev</owner>
                <ownerType>USER</ownerType>
            </EntityAcl>
        </ExportManifestProperty>
    </ExportManifestEntity>
    <ExportManifestEntity path="For supplier/orders map.wcdf">
        <ExportManifestProperty>
            <EntityMetaData name="orders map.wcdf" createdDate="2018-06-09T12:39:09.073+03:00" isFolder="false" path="For supplier/orders map.wcdf" isHidden="false" isSchedulable="true" locale="en_US" description="orders map" title="orders map"/>
        </ExportManifestProperty>
        <ExportManifestProperty>
            <EntityAcl>
                <entriesInheriting>true</entriesInheriting>
                <owner>golovachev</owner>
                <ownerType>USER</ownerType>
            </EntityAcl>
        </ExportManifestProperty>
    </ExportManifestEntity>
</ns2:ExportManifest>
