<?xml version="1.0" encoding="UTF-8" standalone="yes"?>
<ns2:ExportManifest xmlns:ns2="http://www.pentaho.com/schema/">
    <ExportManifestInformation exportDate="15-06-2018 12:07:33 MSK" exportBy="golovachev" rootFolder="/home/golovachev/presale dashboards/Document fault/" manifestVersion="2"/>
    <ExportManifestEntity path="For supplier">
        <ExportManifestProperty>
            <EntityMetaData name="For supplier" createdDate="2018-06-13T10:54:07.933+03:00" isFolder="true" path="For supplier" isHidden="false" isSchedulable="true" locale="en_US" title="For supplier"/>
        </ExportManifestProperty>
        <ExportManifestProperty>
            <EntityAcl>
                <entriesInheriting>true</entriesInheriting>
                <owner>golovachev</owner>
                <ownerType>USER</ownerType>
            </EntityAcl>
        </ExportManifestProperty>
    </ExportManifestEntity>
    <ExportManifestEntity path="For supplier/Document fault.cda">
        <ExportManifestProperty>
            <EntityMetaData name="Document fault.cda" createdDate="2018-06-13T13:11:05.225+03:00" isFolder="false" path="For supplier/Document fault.cda" isHidden="false" isSchedulable="true" locale="en_US" title="Document fault.cda"/>
        </ExportManifestProperty>
        <ExportManifestProperty>
            <EntityAcl>
                <entriesInheriting>true</entriesInheriting>
                <owner>golovachev</owner>
                <ownerType>USER</ownerType>
            </EntityAcl>
        </ExportManifestProperty>
    </ExportManifestEntity>
    <ExportManifestEntity path="For supplier/Document fault.cdfde">
        <ExportManifestProperty>
            <EntityMetaData name="Document fault.cdfde" createdDate="2018-06-13T13:11:04.832+03:00" isFolder="false" path="For supplier/Document fault.cdfde" isHidden="false" isSchedulable="true" locale="en_US" title="Document fault.cdfde"/>
        </ExportManifestProperty>
        <ExportManifestProperty>
            <EntityAcl>
                <entriesInheriting>true</entriesInheriting>
                <owner>golovachev</owner>
                <ownerType>USER</ownerType>
            </EntityAcl>
        </ExportManifestProperty>
    </ExportManifestEntity>
    <ExportManifestEntity path="For supplier/Document fault.wcdf">
        <ExportManifestProperty>
            <EntityMetaData name="Document fault.wcdf" createdDate="2018-06-13T13:11:04.547+03:00" isFolder="false" path="For supplier/Document fault.wcdf" isHidden="false" isSchedulable="true" locale="en_US" description="Document fault" title="Document fault"/>
        </ExportManifestProperty>
        <ExportManifestProperty>
            <EntityAcl>
                <entriesInheriting>true</entriesInheriting>
                <owner>golovachev</owner>
                <ownerType>USER</ownerType>
            </EntityAcl>
        </ExportManifestProperty>
    </ExportManifestEntity>
    <ExportManifestEntity path="For supplier/Orders with faults.cda">
        <ExportManifestProperty>
            <EntityMetaData name="Orders with faults.cda" createdDate="2018-06-13T11:39:33.675+03:00" isFolder="false" path="For supplier/Orders with faults.cda" isHidden="false" isSchedulable="true" locale="en_US" title="Orders with faults.cda"/>
        </ExportManifestProperty>
        <ExportManifestProperty>
            <EntityAcl>
                <entriesInheriting>true</entriesInheriting>
                <owner>golovachev</owner>
                <ownerType>USER</ownerType>
            </EntityAcl>
        </ExportManifestProperty>
    </ExportManifestEntity>
    <ExportManifestEntity path="For supplier/Orders with faults.cdfde">
        <ExportManifestProperty>
            <EntityMetaData name="Orders with faults.cdfde" createdDate="2018-06-13T11:39:33.275+03:00" isFolder="false" path="For supplier/Orders with faults.cdfde" isHidden="false" isSchedulable="true" locale="en_US" title="Orders with faults.cdfde"/>
        </ExportManifestProperty>
        <ExportManifestProperty>
            <EntityAcl>
                <entriesInheriting>true</entriesInheriting>
                <owner>golovachev</owner>
                <ownerType>USER</ownerType>
            </EntityAcl>
        </ExportManifestProperty>
    </ExportManifestEntity>
    <ExportManifestEntity path="For supplier/Orders with faults.wcdf">
        <ExportManifestProperty>
            <EntityMetaData name="Orders with faults.wcdf" createdDate="2018-06-13T11:39:32.991+03:00" isFolder="false" path="For supplier/Orders with faults.wcdf" isHidden="false" isSchedulable="true" locale="en_US" description="Upd with faults" title="Orders with faults"/>
        </ExportManifestProperty>
        <ExportManifestProperty>
            <EntityAcl>
                <entriesInheriting>true</entriesInheriting>
                <owner>golovachev</owner>
                <ownerType>USER</ownerType>
            </EntityAcl>
        </ExportManifestProperty>
    </ExportManifestEntity>
    <ExportManifestEntity path="For supplier/Recadv without order.cda">
        <ExportManifestProperty>
            <EntityMetaData name="Recadv without order.cda" createdDate="2018-06-13T12:22:05.686+03:00" isFolder="false" path="For supplier/Recadv without order.cda" isHidden="false" isSchedulable="true" locale="en_US" title="Recadv without order.cda"/>
        </ExportManifestProperty>
        <ExportManifestProperty>
            <EntityAcl>
                <entriesInheriting>true</entriesInheriting>
                <owner>golovachev</owner>
                <ownerType>USER</ownerType>
            </EntityAcl>
        </ExportManifestProperty>
    </ExportManifestEntity>
    <ExportManifestEntity path="For supplier/Recadv without order.cdfde">
        <ExportManifestProperty>
            <EntityMetaData name="Recadv without order.cdfde" createdDate="2018-06-13T12:22:05.263+03:00" isFolder="false" path="For supplier/Recadv without order.cdfde" isHidden="false" isSchedulable="true" locale="en_US" title="Recadv without order.cdfde"/>
        </ExportManifestProperty>
        <ExportManifestProperty>
            <EntityAcl>
                <entriesInheriting>true</entriesInheriting>
                <owner>golovachev</owner>
                <ownerType>USER</ownerType>
            </EntityAcl>
        </ExportManifestProperty>
    </ExportManifestEntity>
    <ExportManifestEntity path="For supplier/Recadv without order.wcdf">
        <ExportManifestProperty>
            <EntityMetaData name="Recadv without order.wcdf" createdDate="2018-06-13T12:22:04.969+03:00" isFolder="false" path="For supplier/Recadv without order.wcdf" isHidden="false" isSchedulable="true" locale="en_US" description="Upd with faults" title="Recadv without order"/>
        </ExportManifestProperty>
        <ExportManifestProperty>
            <EntityAcl>
                <entriesInheriting>true</entriesInheriting>
                <owner>golovachev</owner>
                <ownerType>USER</ownerType>
            </EntityAcl>
        </ExportManifestProperty>
    </ExportManifestEntity>
    <ExportManifestEntity path="For supplier/Upd with faults.cda">
        <ExportManifestProperty>
            <EntityMetaData name="Upd with faults.cda" createdDate="2018-06-13T10:55:16.061+03:00" isFolder="false" path="For supplier/Upd with faults.cda" isHidden="false" isSchedulable="true" locale="en_US" title="Upd with faults.cda"/>
        </ExportManifestProperty>
        <ExportManifestProperty>
            <EntityAcl>
                <entriesInheriting>true</entriesInheriting>
                <owner>golovachev</owner>
                <ownerType>USER</ownerType>
            </EntityAcl>
        </ExportManifestProperty>
    </ExportManifestEntity>
    <ExportManifestEntity path="For supplier/Upd with faults.cdfde">
        <ExportManifestProperty>
            <EntityMetaData name="Upd with faults.cdfde" createdDate="2018-06-13T10:55:15.657+03:00" isFolder="false" path="For supplier/Upd with faults.cdfde" isHidden="false" isSchedulable="true" locale="en_US" title="Upd with faults.cdfde"/>
        </ExportManifestProperty>
        <ExportManifestProperty>
            <EntityAcl>
                <entriesInheriting>true</entriesInheriting>
                <owner>golovachev</owner>
                <ownerType>USER</ownerType>
            </EntityAcl>
        </ExportManifestProperty>
    </ExportManifestEntity>
    <ExportManifestEntity path="For supplier/Upd with faults.wcdf">
        <ExportManifestProperty>
            <EntityMetaData name="Upd with faults.wcdf" createdDate="2018-06-13T10:55:15.372+03:00" isFolder="false" path="For supplier/Upd with faults.wcdf" isHidden="false" isSchedulable="true" locale="en_US" description="Upd with faults" title="Upd with faults"/>
        </ExportManifestProperty>
        <ExportManifestProperty>
            <EntityAcl>
                <entriesInheriting>true</entriesInheriting>
                <owner>golovachev</owner>
                <ownerType>USER</ownerType>
            </EntityAcl>
        </ExportManifestProperty>
    </ExportManifestEntity>
</ns2:ExportManifest>
