<?xml version="1.0" encoding="UTF-8" standalone="yes"?>
<ns2:ExportManifest xmlns:ns2="http://www.pentaho.com/schema/">
    <ExportManifestInformation exportDate="15-06-2018 12:09:49 MSK" exportBy="golovachev" rootFolder="/home/golovachev/presale dashboards/" manifestVersion="2"/>
    <ExportManifestEntity path="develop">
        <ExportManifestProperty>
            <EntityMetaData name="develop" createdDate="2018-03-26T12:06:20.212+03:00" isFolder="true" path="develop" isHidden="false" isSchedulable="true" locale="en_US" title="develop"/>
        </ExportManifestProperty>
        <ExportManifestProperty>
            <EntityAcl>
                <entriesInheriting>true</entriesInheriting>
                <owner>golovachev</owner>
                <ownerType>USER</ownerType>
            </EntityAcl>
        </ExportManifestProperty>
    </ExportManifestEntity>
    <ExportManifestEntity path="develop/Table Expand Test">
        <ExportManifestProperty>
            <EntityMetaData name="Table Expand Test" createdDate="2018-05-03T10:37:35.213+03:00" isFolder="true" path="develop/Table Expand Test" isHidden="false" isSchedulable="true" locale="en_US" title="Table Expand Test"/>
        </ExportManifestProperty>
        <ExportManifestProperty>
            <EntityAcl>
                <entriesInheriting>true</entriesInheriting>
                <owner>golovachev</owner>
                <ownerType>USER</ownerType>
            </EntityAcl>
        </ExportManifestProperty>
    </ExportManifestEntity>
    <ExportManifestEntity path="develop/Table Expand Test/tableExpandTest.cda">
        <ExportManifestProperty>
            <EntityMetaData name="tableExpandTest.cda" createdDate="2018-05-03T10:37:35.553+03:00" isFolder="false" path="develop/Table Expand Test/tableExpandTest.cda" isHidden="false" isSchedulable="true" locale="en_US" title="tableExpandTest"/>
        </ExportManifestProperty>
        <ExportManifestProperty>
            <EntityAcl>
                <entriesInheriting>true</entriesInheriting>
                <owner>golovachev</owner>
                <ownerType>USER</ownerType>
            </EntityAcl>
        </ExportManifestProperty>
    </ExportManifestEntity>
    <ExportManifestEntity path="develop/Table Expand Test/tableExpandTest.cdfde">
        <ExportManifestProperty>
            <EntityMetaData name="tableExpandTest.cdfde" createdDate="2018-05-03T10:37:35.626+03:00" isFolder="false" path="develop/Table Expand Test/tableExpandTest.cdfde" isHidden="false" isSchedulable="true" locale="en_US" title="tableExpandTest.cdfde"/>
        </ExportManifestProperty>
        <ExportManifestProperty>
            <EntityAcl>
                <entriesInheriting>true</entriesInheriting>
                <owner>golovachev</owner>
                <ownerType>USER</ownerType>
            </EntityAcl>
        </ExportManifestProperty>
    </ExportManifestEntity>
    <ExportManifestEntity path="develop/Table Expand Test/tableExpandTest.wcdf">
        <ExportManifestProperty>
            <EntityMetaData name="tableExpandTest.wcdf" createdDate="2018-05-03T10:37:35.324+03:00" isFolder="false" path="develop/Table Expand Test/tableExpandTest.wcdf" isHidden="false" isSchedulable="true" locale="en_US" title="tableExpandTest.wcdf"/>
        </ExportManifestProperty>
        <ExportManifestProperty>
            <EntityAcl>
                <entriesInheriting>true</entriesInheriting>
                <owner>golovachev</owner>
                <ownerType>USER</ownerType>
            </EntityAcl>
        </ExportManifestProperty>
    </ExportManifestEntity>
    <ExportManifestEntity path="develop/kpi test.cda">
        <ExportManifestProperty>
            <EntityMetaData name="kpi test.cda" createdDate="2018-05-22T09:14:28.509+03:00" isFolder="false" path="develop/kpi test.cda" isHidden="false" isSchedulable="true" locale="en_US" title="kpi test.cda"/>
        </ExportManifestProperty>
        <ExportManifestProperty>
            <EntityAcl>
                <entriesInheriting>true</entriesInheriting>
                <owner>golovachev</owner>
                <ownerType>USER</ownerType>
            </EntityAcl>
        </ExportManifestProperty>
    </ExportManifestEntity>
    <ExportManifestEntity path="develop/kpi test.cdfde">
        <ExportManifestProperty>
            <EntityMetaData name="kpi test.cdfde" createdDate="2018-05-22T09:14:28.245+03:00" isFolder="false" path="develop/kpi test.cdfde" isHidden="false" isSchedulable="true" locale="en_US" title="kpi test.cdfde"/>
        </ExportManifestProperty>
        <ExportManifestProperty>
            <EntityAcl>
                <entriesInheriting>true</entriesInheriting>
                <owner>golovachev</owner>
                <ownerType>USER</ownerType>
            </EntityAcl>
        </ExportManifestProperty>
    </ExportManifestEntity>
    <ExportManifestEntity path="develop/kpi test.wcdf">
        <ExportManifestProperty>
            <EntityMetaData name="kpi test.wcdf" createdDate="2018-05-22T09:14:28.132+03:00" isFolder="false" path="develop/kpi test.wcdf" isHidden="false" isSchedulable="true" locale="en_US" description="kpi test" title="kpi test"/>
        </ExportManifestProperty>
        <ExportManifestProperty>
            <EntityAcl>
                <entriesInheriting>true</entriesInheriting>
                <owner>golovachev</owner>
                <ownerType>USER</ownerType>
            </EntityAcl>
        </ExportManifestProperty>
    </ExportManifestEntity>
    <ExportManifestEntity path="develop/map_test.cda">
        <ExportManifestProperty>
            <EntityMetaData name="map_test.cda" createdDate="2018-06-07T10:08:49.860+03:00" isFolder="false" path="develop/map_test.cda" isHidden="false" isSchedulable="true" locale="en_US" title="map_test.cda"/>
        </ExportManifestProperty>
        <ExportManifestProperty>
            <EntityAcl>
                <entriesInheriting>true</entriesInheriting>
                <owner>golovachev</owner>
                <ownerType>USER</ownerType>
            </EntityAcl>
        </ExportManifestProperty>
    </ExportManifestEntity>
    <ExportManifestEntity path="develop/map_test.cdfde">
        <ExportManifestProperty>
            <EntityMetaData name="map_test.cdfde" createdDate="2018-06-07T10:08:49.491+03:00" isFolder="false" path="develop/map_test.cdfde" isHidden="false" isSchedulable="true" locale="en_US" title="map_test.cdfde"/>
        </ExportManifestProperty>
        <ExportManifestProperty>
            <EntityAcl>
                <entriesInheriting>true</entriesInheriting>
                <owner>golovachev</owner>
                <ownerType>USER</ownerType>
            </EntityAcl>
        </ExportManifestProperty>
    </ExportManifestEntity>
    <ExportManifestEntity path="develop/map_test.wcdf">
        <ExportManifestProperty>
            <EntityMetaData name="map_test.wcdf" createdDate="2018-06-07T10:08:49.263+03:00" isFolder="false" path="develop/map_test.wcdf" isHidden="false" isSchedulable="true" locale="en_US" description="map_test" title="map_test"/>
        </ExportManifestProperty>
        <ExportManifestProperty>
            <EntityAcl>
                <entriesInheriting>true</entriesInheriting>
                <owner>golovachev</owner>
                <ownerType>USER</ownerType>
            </EntityAcl>
        </ExportManifestProperty>
    </ExportManifestEntity>
    <ExportManifestEntity path="develop/maptest2.cda">
        <ExportManifestProperty>
            <EntityMetaData name="maptest2.cda" createdDate="2018-06-08T15:06:44.548+03:00" isFolder="false" path="develop/maptest2.cda" isHidden="false" isSchedulable="true" locale="en_US" title="maptest2.cda"/>
        </ExportManifestProperty>
        <ExportManifestProperty>
            <EntityAcl>
                <entriesInheriting>true</entriesInheriting>
                <owner>golovachev</owner>
                <ownerType>USER</ownerType>
            </EntityAcl>
        </ExportManifestProperty>
    </ExportManifestEntity>
    <ExportManifestEntity path="develop/maptest2.cdfde">
        <ExportManifestProperty>
            <EntityMetaData name="maptest2.cdfde" createdDate="2018-06-08T15:06:44.157+03:00" isFolder="false" path="develop/maptest2.cdfde" isHidden="false" isSchedulable="true" locale="en_US" title="maptest2.cdfde"/>
        </ExportManifestProperty>
        <ExportManifestProperty>
            <EntityAcl>
                <entriesInheriting>true</entriesInheriting>
                <owner>golovachev</owner>
                <ownerType>USER</ownerType>
            </EntityAcl>
        </ExportManifestProperty>
    </ExportManifestEntity>
    <ExportManifestEntity path="develop/maptest2.wcdf">
        <ExportManifestProperty>
            <EntityMetaData name="maptest2.wcdf" createdDate="2018-06-08T15:06:43.922+03:00" isFolder="false" path="develop/maptest2.wcdf" isHidden="false" isSchedulable="true" locale="en_US" description="maptest2" title="maptest2"/>
        </ExportManifestProperty>
        <ExportManifestProperty>
            <EntityAcl>
                <entriesInheriting>true</entriesInheriting>
                <owner>golovachev</owner>
                <ownerType>USER</ownerType>
            </EntityAcl>
        </ExportManifestProperty>
    </ExportManifestEntity>
    <ExportManifestEntity path="develop/test bootstrap.cdfde">
        <ExportManifestProperty>
            <EntityMetaData name="test bootstrap.cdfde" createdDate="2018-03-26T17:57:56.461+03:00" isFolder="false" path="develop/test bootstrap.cdfde" isHidden="false" isSchedulable="true" locale="en_US" title="test bootstrap.cdfde"/>
        </ExportManifestProperty>
        <ExportManifestProperty>
            <EntityAcl>
                <entriesInheriting>true</entriesInheriting>
                <owner>golovachev</owner>
                <ownerType>USER</ownerType>
            </EntityAcl>
        </ExportManifestProperty>
    </ExportManifestEntity>
    <ExportManifestEntity path="develop/test bootstrap.wcdf">
        <ExportManifestProperty>
            <EntityMetaData name="test bootstrap.wcdf" createdDate="2018-03-26T17:57:56.316+03:00" isFolder="false" path="develop/test bootstrap.wcdf" isHidden="false" isSchedulable="true" locale="en_US" description="test bootstrap" title="test bootstrap"/>
        </ExportManifestProperty>
        <ExportManifestProperty>
            <EntityAcl>
                <entriesInheriting>true</entriesInheriting>
                <owner>golovachev</owner>
                <ownerType>USER</ownerType>
            </EntityAcl>
        </ExportManifestProperty>
    </ExportManifestEntity>
    <ExportManifestEntity path="develop/test donut chart.cda">
        <ExportManifestProperty>
            <EntityMetaData name="test donut chart.cda" createdDate="2018-03-27T13:03:06.721+03:00" isFolder="false" path="develop/test donut chart.cda" isHidden="false" isSchedulable="true" locale="en_US" title="test donut chart.cda"/>
        </ExportManifestProperty>
        <ExportManifestProperty>
            <EntityAcl>
                <entriesInheriting>true</entriesInheriting>
                <owner>golovachev</owner>
                <ownerType>USER</ownerType>
            </EntityAcl>
        </ExportManifestProperty>
    </ExportManifestEntity>
    <ExportManifestEntity path="develop/test donut chart.cdfde">
        <ExportManifestProperty>
            <EntityMetaData name="test donut chart.cdfde" createdDate="2018-03-27T13:03:06.462+03:00" isFolder="false" path="develop/test donut chart.cdfde" isHidden="false" isSchedulable="true" locale="en_US" title="test donut chart.cdfde"/>
        </ExportManifestProperty>
        <ExportManifestProperty>
            <EntityAcl>
                <entriesInheriting>true</entriesInheriting>
                <owner>golovachev</owner>
                <ownerType>USER</ownerType>
            </EntityAcl>
        </ExportManifestProperty>
    </ExportManifestEntity>
    <ExportManifestEntity path="develop/test donut chart.wcdf">
        <ExportManifestProperty>
            <EntityMetaData name="test donut chart.wcdf" createdDate="2018-03-27T13:03:06.342+03:00" isFolder="false" path="develop/test donut chart.wcdf" isHidden="false" isSchedulable="true" locale="en_US" description="test donut chart" title="test donut chart"/>
        </ExportManifestProperty>
        <ExportManifestProperty>
            <EntityAcl>
                <entriesInheriting>true</entriesInheriting>
                <owner>golovachev</owner>
                <ownerType>USER</ownerType>
            </EntityAcl>
        </ExportManifestProperty>
    </ExportManifestEntity>
    <ExportManifestEntity path="develop/test linked objects.cda">
        <ExportManifestProperty>
            <EntityMetaData name="test linked objects.cda" createdDate="2018-03-26T12:12:38.964+03:00" isFolder="false" path="develop/test linked objects.cda" isHidden="false" isSchedulable="true" locale="en_US" title="test linked objects.cda"/>
        </ExportManifestProperty>
        <ExportManifestProperty>
            <EntityAcl>
                <entriesInheriting>true</entriesInheriting>
                <owner>golovachev</owner>
                <ownerType>USER</ownerType>
            </EntityAcl>
        </ExportManifestProperty>
    </ExportManifestEntity>
    <ExportManifestEntity path="develop/test linked objects.cdfde">
        <ExportManifestProperty>
            <EntityMetaData name="test linked objects.cdfde" createdDate="2018-03-26T12:12:38.722+03:00" isFolder="false" path="develop/test linked objects.cdfde" isHidden="false" isSchedulable="true" locale="en_US" title="test linked objects.cdfde"/>
        </ExportManifestProperty>
        <ExportManifestProperty>
            <EntityAcl>
                <entriesInheriting>true</entriesInheriting>
                <owner>golovachev</owner>
                <ownerType>USER</ownerType>
            </EntityAcl>
        </ExportManifestProperty>
    </ExportManifestEntity>
    <ExportManifestEntity path="develop/test linked objects.wcdf">
        <ExportManifestProperty>
            <EntityMetaData name="test linked objects.wcdf" createdDate="2018-03-26T12:12:38.641+03:00" isFolder="false" path="develop/test linked objects.wcdf" isHidden="false" isSchedulable="true" locale="en_US" description="test linked objects" title="test linked objects"/>
        </ExportManifestProperty>
        <ExportManifestProperty>
            <EntityAcl>
                <entriesInheriting>true</entriesInheriting>
                <owner>golovachev</owner>
                <ownerType>USER</ownerType>
            </EntityAcl>
        </ExportManifestProperty>
    </ExportManifestEntity>
    <ExportManifestEntity path="develop/test_ds.cda">
        <ExportManifestProperty>
            <EntityMetaData name="test_ds.cda" createdDate="2018-04-13T13:12:57.232+03:00" isFolder="false" path="develop/test_ds.cda" isHidden="false" isSchedulable="true" locale="en_US" title="test_ds.cda"/>
        </ExportManifestProperty>
        <ExportManifestProperty>
            <EntityAcl>
                <entriesInheriting>true</entriesInheriting>
                <owner>golovachev</owner>
                <ownerType>USER</ownerType>
            </EntityAcl>
        </ExportManifestProperty>
    </ExportManifestEntity>
    <ExportManifestEntity path="develop/test_ds.cdfde">
        <ExportManifestProperty>
            <EntityMetaData name="test_ds.cdfde" createdDate="2018-04-13T13:12:56.848+03:00" isFolder="false" path="develop/test_ds.cdfde" isHidden="false" isSchedulable="true" locale="en_US" title="test_ds.cdfde"/>
        </ExportManifestProperty>
        <ExportManifestProperty>
            <EntityAcl>
                <entriesInheriting>true</entriesInheriting>
                <owner>golovachev</owner>
                <ownerType>USER</ownerType>
            </EntityAcl>
        </ExportManifestProperty>
    </ExportManifestEntity>
    <ExportManifestEntity path="develop/test_ds.wcdf">
        <ExportManifestProperty>
            <EntityMetaData name="test_ds.wcdf" createdDate="2018-04-13T13:12:56.630+03:00" isFolder="false" path="develop/test_ds.wcdf" isHidden="false" isSchedulable="true" locale="en_US" description="test_ds" title="test_ds"/>
        </ExportManifestProperty>
        <ExportManifestProperty>
            <EntityAcl>
                <entriesInheriting>true</entriesInheriting>
                <owner>golovachev</owner>
                <ownerType>USER</ownerType>
            </EntityAcl>
        </ExportManifestProperty>
    </ExportManifestEntity>
    <ExportManifestEntity path="develop/test_linked_chart.cda">
        <ExportManifestProperty>
            <EntityMetaData name="test_linked_chart.cda" createdDate="2018-03-26T13:43:23.140+03:00" isFolder="false" path="develop/test_linked_chart.cda" isHidden="false" isSchedulable="true" locale="en_US" title="test_linked_chart.cda"/>
        </ExportManifestProperty>
        <ExportManifestProperty>
            <EntityAcl>
                <entriesInheriting>true</entriesInheriting>
                <owner>golovachev</owner>
                <ownerType>USER</ownerType>
            </EntityAcl>
        </ExportManifestProperty>
    </ExportManifestEntity>
    <ExportManifestEntity path="develop/test_linked_chart.cdfde">
        <ExportManifestProperty>
            <EntityMetaData name="test_linked_chart.cdfde" createdDate="2018-03-26T13:43:22.878+03:00" isFolder="false" path="develop/test_linked_chart.cdfde" isHidden="false" isSchedulable="true" locale="en_US" title="test_linked_chart.cdfde"/>
        </ExportManifestProperty>
        <ExportManifestProperty>
            <EntityAcl>
                <entriesInheriting>true</entriesInheriting>
                <owner>golovachev</owner>
                <ownerType>USER</ownerType>
            </EntityAcl>
        </ExportManifestProperty>
    </ExportManifestEntity>
    <ExportManifestEntity path="develop/test_linked_chart.wcdf">
        <ExportManifestProperty>
            <EntityMetaData name="test_linked_chart.wcdf" createdDate="2018-03-26T13:43:22.803+03:00" isFolder="false" path="develop/test_linked_chart.wcdf" isHidden="false" isSchedulable="true" locale="en_US" description="test linked objects" title="test_linked_chart"/>
        </ExportManifestProperty>
        <ExportManifestProperty>
            <EntityAcl>
                <entriesInheriting>true</entriesInheriting>
                <owner>golovachev</owner>
                <ownerType>USER</ownerType>
            </EntityAcl>
        </ExportManifestProperty>
    </ExportManifestEntity>
    <ExportManifestEntity path="develop/test_map.cda">
        <ExportManifestProperty>
            <EntityMetaData name="test_map.cda" createdDate="2018-03-28T10:34:56.757+03:00" isFolder="false" path="develop/test_map.cda" isHidden="false" isSchedulable="true" locale="en_US" title="test_map.cda"/>
        </ExportManifestProperty>
        <ExportManifestProperty>
            <EntityAcl>
                <entriesInheriting>true</entriesInheriting>
                <owner>golovachev</owner>
                <ownerType>USER</ownerType>
            </EntityAcl>
        </ExportManifestProperty>
    </ExportManifestEntity>
    <ExportManifestEntity path="develop/test_map.cdfde">
        <ExportManifestProperty>
            <EntityMetaData name="test_map.cdfde" createdDate="2018-03-28T09:17:44.632+03:00" isFolder="false" path="develop/test_map.cdfde" isHidden="false" isSchedulable="true" locale="en_US" title="test_map.cdfde"/>
        </ExportManifestProperty>
        <ExportManifestProperty>
            <EntityAcl>
                <entriesInheriting>true</entriesInheriting>
                <owner>golovachev</owner>
                <ownerType>USER</ownerType>
            </EntityAcl>
        </ExportManifestProperty>
    </ExportManifestEntity>
    <ExportManifestEntity path="develop/test_map.wcdf">
        <ExportManifestProperty>
            <EntityMetaData name="test_map.wcdf" createdDate="2018-03-28T09:17:44.555+03:00" isFolder="false" path="develop/test_map.wcdf" isHidden="false" isSchedulable="true" locale="en_US" description="test_map" title="test_map"/>
        </ExportManifestProperty>
        <ExportManifestProperty>
            <EntityAcl>
                <entriesInheriting>true</entriesInheriting>
                <owner>golovachev</owner>
                <ownerType>USER</ownerType>
            </EntityAcl>
        </ExportManifestProperty>
    </ExportManifestEntity>
</ns2:ExportManifest>
