<?xml version="1.0" encoding="UTF-8" standalone="yes"?>
<ns2:ExportManifest xmlns:ns2="http://www.pentaho.com/schema/">
    <ExportManifestInformation exportDate="15-06-2018 12:08:24 MSK" exportBy="golovachev" rootFolder="/home/golovachev/presale dashboards/Kpi analysis/" manifestVersion="2"/>
    <ExportManifestEntity path="For buyer">
        <ExportManifestProperty>
            <EntityMetaData name="For buyer" createdDate="2018-05-23T11:46:38.710+03:00" isFolder="true" path="For buyer" isHidden="false" isSchedulable="true" locale="en_US" title="For buyer"/>
        </ExportManifestProperty>
        <ExportManifestProperty>
            <EntityAcl>
                <entriesInheriting>true</entriesInheriting>
                <owner>golovachev</owner>
                <ownerType>USER</ownerType>
            </EntityAcl>
        </ExportManifestProperty>
    </ExportManifestEntity>
    <ExportManifestEntity path="For buyer/Kpi category dashboard.cda">
        <ExportManifestProperty>
            <EntityMetaData name="Kpi category dashboard.cda" createdDate="2018-05-23T13:15:09.410+03:00" isFolder="false" path="For buyer/Kpi category dashboard.cda" isHidden="false" isSchedulable="true" locale="en_US" title="Kpi category dashboard.cda"/>
        </ExportManifestProperty>
        <ExportManifestProperty>
            <EntityAcl>
                <entriesInheriting>true</entriesInheriting>
                <owner>golovachev</owner>
                <ownerType>USER</ownerType>
            </EntityAcl>
        </ExportManifestProperty>
    </ExportManifestEntity>
    <ExportManifestEntity path="For buyer/Kpi category dashboard.cdfde">
        <ExportManifestProperty>
            <EntityMetaData name="Kpi category dashboard.cdfde" createdDate="2018-05-23T13:15:09.162+03:00" isFolder="false" path="For buyer/Kpi category dashboard.cdfde" isHidden="false" isSchedulable="true" locale="en_US" title="Kpi category dashboard.cdfde"/>
        </ExportManifestProperty>
        <ExportManifestProperty>
            <EntityAcl>
                <entriesInheriting>true</entriesInheriting>
                <owner>golovachev</owner>
                <ownerType>USER</ownerType>
            </EntityAcl>
        </ExportManifestProperty>
    </ExportManifestEntity>
    <ExportManifestEntity path="For buyer/Kpi category dashboard.wcdf">
        <ExportManifestProperty>
            <EntityMetaData name="Kpi category dashboard.wcdf" createdDate="2018-05-23T13:15:09.045+03:00" isFolder="false" path="For buyer/Kpi category dashboard.wcdf" isHidden="false" isSchedulable="true" locale="en_US" description="Kpi dashboard" title="Kpi category dashboard"/>
        </ExportManifestProperty>
        <ExportManifestProperty>
            <EntityAcl>
                <entriesInheriting>true</entriesInheriting>
                <owner>golovachev</owner>
                <ownerType>USER</ownerType>
            </EntityAcl>
        </ExportManifestProperty>
    </ExportManifestEntity>
    <ExportManifestEntity path="For buyer/Kpi suppliers dashboard.cda">
        <ExportManifestProperty>
            <EntityMetaData name="Kpi suppliers dashboard.cda" createdDate="2018-05-23T14:59:50.867+03:00" isFolder="false" path="For buyer/Kpi suppliers dashboard.cda" isHidden="false" isSchedulable="true" locale="en_US" title="Kpi suppliers dashboard.cda"/>
        </ExportManifestProperty>
        <ExportManifestProperty>
            <EntityAcl>
                <entriesInheriting>true</entriesInheriting>
                <owner>golovachev</owner>
                <ownerType>USER</ownerType>
            </EntityAcl>
        </ExportManifestProperty>
    </ExportManifestEntity>
    <ExportManifestEntity path="For buyer/Kpi suppliers dashboard.cdfde">
        <ExportManifestProperty>
            <EntityMetaData name="Kpi suppliers dashboard.cdfde" createdDate="2018-05-23T14:59:50.630+03:00" isFolder="false" path="For buyer/Kpi suppliers dashboard.cdfde" isHidden="false" isSchedulable="true" locale="en_US" title="Kpi suppliers dashboard.cdfde"/>
        </ExportManifestProperty>
        <ExportManifestProperty>
            <EntityAcl>
                <entriesInheriting>true</entriesInheriting>
                <owner>golovachev</owner>
                <ownerType>USER</ownerType>
            </EntityAcl>
        </ExportManifestProperty>
    </ExportManifestEntity>
    <ExportManifestEntity path="For buyer/Kpi suppliers dashboard.wcdf">
        <ExportManifestProperty>
            <EntityMetaData name="Kpi suppliers dashboard.wcdf" createdDate="2018-05-23T14:59:50.515+03:00" isFolder="false" path="For buyer/Kpi suppliers dashboard.wcdf" isHidden="false" isSchedulable="true" locale="en_US" description="Kpi dashboard" title="Kpi suppliers dashboard"/>
        </ExportManifestProperty>
        <ExportManifestProperty>
            <EntityAcl>
                <entriesInheriting>true</entriesInheriting>
                <owner>golovachev</owner>
                <ownerType>USER</ownerType>
            </EntityAcl>
        </ExportManifestProperty>
    </ExportManifestEntity>
    <ExportManifestEntity path="For buyer/Kpi total dashboard.cda">
        <ExportManifestProperty>
            <EntityMetaData name="Kpi total dashboard.cda" createdDate="2018-05-23T13:13:58.149+03:00" isFolder="false" path="For buyer/Kpi total dashboard.cda" isHidden="false" isSchedulable="true" locale="en_US" title="Kpi total dashboard.cda"/>
        </ExportManifestProperty>
        <ExportManifestProperty>
            <EntityAcl>
                <entriesInheriting>true</entriesInheriting>
                <owner>golovachev</owner>
                <ownerType>USER</ownerType>
            </EntityAcl>
        </ExportManifestProperty>
    </ExportManifestEntity>
    <ExportManifestEntity path="For buyer/Kpi total dashboard.cdfde">
        <ExportManifestProperty>
            <EntityMetaData name="Kpi total dashboard.cdfde" createdDate="2018-05-23T13:13:57.863+03:00" isFolder="false" path="For buyer/Kpi total dashboard.cdfde" isHidden="false" isSchedulable="true" locale="en_US" title="Kpi total dashboard.cdfde"/>
        </ExportManifestProperty>
        <ExportManifestProperty>
            <EntityAcl>
                <entriesInheriting>true</entriesInheriting>
                <owner>golovachev</owner>
                <ownerType>USER</ownerType>
            </EntityAcl>
        </ExportManifestProperty>
    </ExportManifestEntity>
    <ExportManifestEntity path="For buyer/Kpi total dashboard.wcdf">
        <ExportManifestProperty>
            <EntityMetaData name="Kpi total dashboard.wcdf" createdDate="2018-05-23T13:13:57.750+03:00" isFolder="false" path="For buyer/Kpi total dashboard.wcdf" isHidden="false" isSchedulable="true" locale="en_US" description="Kpi dashboard" title="Kpi total dashboard"/>
        </ExportManifestProperty>
        <ExportManifestProperty>
            <EntityAcl>
                <entriesInheriting>true</entriesInheriting>
                <owner>golovachev</owner>
                <ownerType>USER</ownerType>
            </EntityAcl>
        </ExportManifestProperty>
    </ExportManifestEntity>
</ns2:ExportManifest>
