<?xml version="1.0" encoding="UTF-8" standalone="yes"?>
<ns2:ExportManifest xmlns:ns2="http://www.pentaho.com/schema/">
    <ExportManifestInformation exportDate="21-06-2018 04:24:22 MSK" exportBy="golovachev" rootFolder="/home/golovachev/presale dashboards/Document fault/" manifestVersion="2"/>
    <ExportManifestEntity path="For buyer">
        <ExportManifestProperty>
            <EntityMetaData name="For buyer" createdDate="2018-06-20T12:48:00.836+03:00" isFolder="true" path="For buyer" isHidden="false" isSchedulable="true" locale="en_US" title="For buyer"/>
        </ExportManifestProperty>
        <ExportManifestProperty>
            <EntityAcl>
                <entriesInheriting>true</entriesInheriting>
                <owner>golovachev</owner>
                <ownerType>USER</ownerType>
            </EntityAcl>
        </ExportManifestProperty>
    </ExportManifestEntity>
    <ExportManifestEntity path="For buyer/Document fault.cda">
        <ExportManifestProperty>
            <EntityMetaData name="Document fault.cda" createdDate="2018-06-20T12:48:46.653+03:00" isFolder="false" path="For buyer/Document fault.cda" isHidden="false" isSchedulable="true" locale="en_US" title="Document fault.cda"/>
        </ExportManifestProperty>
        <ExportManifestProperty>
            <EntityAcl>
                <entriesInheriting>true</entriesInheriting>
                <owner>golovachev</owner>
                <ownerType>USER</ownerType>
            </EntityAcl>
        </ExportManifestProperty>
    </ExportManifestEntity>
    <ExportManifestEntity path="For buyer/Document fault.cdfde">
        <ExportManifestProperty>
            <EntityMetaData name="Document fault.cdfde" createdDate="2018-06-20T12:48:46.856+03:00" isFolder="false" path="For buyer/Document fault.cdfde" isHidden="false" isSchedulable="true" locale="en_US" title="Document fault.cdfde"/>
        </ExportManifestProperty>
        <ExportManifestProperty>
            <EntityAcl>
                <entriesInheriting>true</entriesInheriting>
                <owner>golovachev</owner>
                <ownerType>USER</ownerType>
            </EntityAcl>
        </ExportManifestProperty>
    </ExportManifestEntity>
    <ExportManifestEntity path="For buyer/Document fault.wcdf">
        <ExportManifestProperty>
            <EntityMetaData name="Document fault.wcdf" createdDate="2018-06-20T12:48:46.576+03:00" isFolder="false" path="For buyer/Document fault.wcdf" isHidden="false" isSchedulable="true" locale="en_US" title="Document fault"/>
        </ExportManifestProperty>
        <ExportManifestProperty>
            <EntityAcl>
                <entriesInheriting>true</entriesInheriting>
                <owner>golovachev</owner>
                <ownerType>USER</ownerType>
            </EntityAcl>
        </ExportManifestProperty>
    </ExportManifestEntity>
    <ExportManifestEntity path="For buyer/Orders with faults.cda">
        <ExportManifestProperty>
            <EntityMetaData name="Orders with faults.cda" createdDate="2018-06-20T12:48:47.119+03:00" isFolder="false" path="For buyer/Orders with faults.cda" isHidden="false" isSchedulable="true" locale="en_US" title="Orders with faults.cda"/>
        </ExportManifestProperty>
        <ExportManifestProperty>
            <EntityAcl>
                <entriesInheriting>true</entriesInheriting>
                <owner>golovachev</owner>
                <ownerType>USER</ownerType>
            </EntityAcl>
        </ExportManifestProperty>
    </ExportManifestEntity>
    <ExportManifestEntity path="For buyer/Orders with faults.cdfde">
        <ExportManifestProperty>
            <EntityMetaData name="Orders with faults.cdfde" createdDate="2018-06-20T12:48:47.275+03:00" isFolder="false" path="For buyer/Orders with faults.cdfde" isHidden="false" isSchedulable="true" locale="en_US" title="Orders with faults.cdfde"/>
        </ExportManifestProperty>
        <ExportManifestProperty>
            <EntityAcl>
                <entriesInheriting>true</entriesInheriting>
                <owner>golovachev</owner>
                <ownerType>USER</ownerType>
            </EntityAcl>
        </ExportManifestProperty>
    </ExportManifestEntity>
    <ExportManifestEntity path="For buyer/Orders with faults.wcdf">
        <ExportManifestProperty>
            <EntityMetaData name="Orders with faults.wcdf" createdDate="2018-06-20T12:48:47.056+03:00" isFolder="false" path="For buyer/Orders with faults.wcdf" isHidden="false" isSchedulable="true" locale="en_US" title="Orders with faults"/>
        </ExportManifestProperty>
        <ExportManifestProperty>
            <EntityAcl>
                <entriesInheriting>true</entriesInheriting>
                <owner>golovachev</owner>
                <ownerType>USER</ownerType>
            </EntityAcl>
        </ExportManifestProperty>
    </ExportManifestEntity>
    <ExportManifestEntity path="For buyer/Recadv without order.cda">
        <ExportManifestProperty>
            <EntityMetaData name="Recadv without order.cda" createdDate="2018-06-20T12:48:47.505+03:00" isFolder="false" path="For buyer/Recadv without order.cda" isHidden="false" isSchedulable="true" locale="en_US" title="Recadv without order.cda"/>
        </ExportManifestProperty>
        <ExportManifestProperty>
            <EntityAcl>
                <entriesInheriting>true</entriesInheriting>
                <owner>golovachev</owner>
                <ownerType>USER</ownerType>
            </EntityAcl>
        </ExportManifestProperty>
    </ExportManifestEntity>
    <ExportManifestEntity path="For buyer/Recadv without order.cdfde">
        <ExportManifestProperty>
            <EntityMetaData name="Recadv without order.cdfde" createdDate="2018-06-20T12:48:47.664+03:00" isFolder="false" path="For buyer/Recadv without order.cdfde" isHidden="false" isSchedulable="true" locale="en_US" title="Recadv without order.cdfde"/>
        </ExportManifestProperty>
        <ExportManifestProperty>
            <EntityAcl>
                <entriesInheriting>true</entriesInheriting>
                <owner>golovachev</owner>
                <ownerType>USER</ownerType>
            </EntityAcl>
        </ExportManifestProperty>
    </ExportManifestEntity>
    <ExportManifestEntity path="For buyer/Recadv without order.wcdf">
        <ExportManifestProperty>
            <EntityMetaData name="Recadv without order.wcdf" createdDate="2018-06-20T12:48:47.422+03:00" isFolder="false" path="For buyer/Recadv without order.wcdf" isHidden="false" isSchedulable="true" locale="en_US" title="Recadv without order"/>
        </ExportManifestProperty>
        <ExportManifestProperty>
            <EntityAcl>
                <entriesInheriting>true</entriesInheriting>
                <owner>golovachev</owner>
                <ownerType>USER</ownerType>
            </EntityAcl>
        </ExportManifestProperty>
    </ExportManifestEntity>
    <ExportManifestEntity path="For buyer/Upd with faults.cda">
        <ExportManifestProperty>
            <EntityMetaData name="Upd with faults.cda" createdDate="2018-06-20T12:48:47.866+03:00" isFolder="false" path="For buyer/Upd with faults.cda" isHidden="false" isSchedulable="true" locale="en_US" title="Upd with faults.cda"/>
        </ExportManifestProperty>
        <ExportManifestProperty>
            <EntityAcl>
                <entriesInheriting>true</entriesInheriting>
                <owner>golovachev</owner>
                <ownerType>USER</ownerType>
            </EntityAcl>
        </ExportManifestProperty>
    </ExportManifestEntity>
    <ExportManifestEntity path="For buyer/Upd with faults.cdfde">
        <ExportManifestProperty>
            <EntityMetaData name="Upd with faults.cdfde" createdDate="2018-06-20T12:48:48.110+03:00" isFolder="false" path="For buyer/Upd with faults.cdfde" isHidden="false" isSchedulable="true" locale="en_US" title="Upd with faults.cdfde"/>
        </ExportManifestProperty>
        <ExportManifestProperty>
            <EntityAcl>
                <entriesInheriting>true</entriesInheriting>
                <owner>golovachev</owner>
                <ownerType>USER</ownerType>
            </EntityAcl>
        </ExportManifestProperty>
    </ExportManifestEntity>
    <ExportManifestEntity path="For buyer/Upd with faults.wcdf">
        <ExportManifestProperty>
            <EntityMetaData name="Upd with faults.wcdf" createdDate="2018-06-20T12:48:47.813+03:00" isFolder="false" path="For buyer/Upd with faults.wcdf" isHidden="false" isSchedulable="true" locale="en_US" title="Upd with faults"/>
        </ExportManifestProperty>
        <ExportManifestProperty>
            <EntityAcl>
                <entriesInheriting>true</entriesInheriting>
                <owner>golovachev</owner>
                <ownerType>USER</ownerType>
            </EntityAcl>
        </ExportManifestProperty>
    </ExportManifestEntity>
</ns2:ExportManifest>
